,School No.,School Name,County,Grade,SC 2011,SC 2016,Count % Change
220,A260,Aboite Christian School,Huntington,C,9.0,35.0,2.88888888889
303,C905,Adventist Christian Elementary,Monroe,No Grade,9.0,,
336,A515,All Saints Catholic School,Cass,,,9.0,
261,B806,Ambassador Christian Academy,Lake,D,110.0,154.0,0.4
277,C250,Anderson Christian School,Madison,C,9.0,40.0,3.44444444444
69,B760,Andrean High School,Lake,A,41.0,161.0,2.92682926829
68,B755,Aquinas School at Saint Andrew's,Lake,B,11.0,79.0,6.18181818182
184,A248,Ascension Lutheran School,Allen,B,,86.0,
259,B764,Avicenna Academy,Lake,D,9.0,20.0,1.22222222222
294,C575,Baptist Academy,Marion,A,41.0,65.0,0.585365853659
233,B015,Bethany Christian School,Elkhart,A,28.0,158.0,4.64285714286
244,B290,Bethesda Christian School,Hendricks,B,,110.0,
56,C705,Bishop Chatard High School,Marion,A,19.0,194.0,9.21052631579
134,A120,Bishop Dwenger High School,Allen,A,22.0,450.0,19.4545454545
135,A125,Bishop Luers High School,Allen,B,58.0,391.0,5.74137931034
78,B970,Bishop Noll Institute,Lake,B,40.0,276.0,5.9
217,A172,Blackhawk Christian Elementary School,Allen,A,31.0,246.0,6.93548387097
216,A170,Blackhawk Christian Jr/Sr High School,Allen,A,13.0,156.0,11.0
34,C360,Brebeuf Jesuit Preparatory School,Marion,A,11.0,85.0,6.72727272727
286,C396,Burge Terrace Christian School,Marion,No Grade,9.0,40.0,3.44444444444
263,B815,Calumet Christian School,Lake,F,9.0,106.0,10.7777777778
295,C580,Calvary Christian School,Marion,A,32.0,124.0,2.875
203,C315,Calvary Lutheran School,Marion,B,20.0,113.0,4.65
299,C690,Capitol City Seventh Day Adventist Church School,Marion,F,,24.0,
58,C715,Cardinal Ritter High School,Marion,B,61.0,330.0,4.40983606557
55,C700,Cathedral High School,Marion,A,18.0,250.0,12.8888888889
102,D415,Central Catholic Jr/Sr High School,Tippecanoe,A,,168.0,
48,C625,Central Catholic School,Marion,F,44.0,188.0,3.27272727273
219,A249,Central Christian School,Allen,C,11.0,96.0,7.72727272727
187,A370,Central Lutheran School,Allen,B,9.0,160.0,16.7777777778
41,C585,Christ The King School,Marion,A,15.0,98.0,5.53333333333
121,D545,Christ The King School,Vanderburgh,A,,48.0,
162,D230,Christ The King School,St Joseph,A,,135.0,
234,B045,Christian Academy of Indiana,Floyd,A,17.0,229.0,12.4705882353
252,B493,Christian Academy of Madison,Jefferson,C,,76.0,
337,B195,Cicero Adventist School,Hamilton,,9.0,9.0,0.0
338,B985,City Baptist Schools,Lake,,9.0,9.0,0.0
306,C933,Clear Creek Christian School,Monroe,B,,40.0,
339,A479,ClearView Education,Boone,,9.0,9.0,0.0
231,A875,Clinton Christian School,Elkhart,B,9.0,133.0,13.7777777778
289,C495,Colonial Christian School,Marion,C,9.0,91.0,9.11111111111
226,A450,Columbus Christian School Inc.,Bartholomew,B,30.0,122.0,3.06666666667
320,D305,Community Baptist Christian School,St. Joseph,C,9.0,116.0,11.8888888889
333,D862,Community Christian School,Wayne,A,,44.0,
178,A205,Concordia Evangelical Lutheran School,Allen,C,9.0,246.0,26.3333333333
176,A195,Concordia Lutheran High School,Allen,A,21.0,397.0,17.9047619048
281,C281,Cornerstone Baptist Academy,Marion,B,9.0,83.0,8.22222222222
218,A236,Cornerstone College Preparatory School,Allen,F,92.0,122.0,0.326086956522
163,D235,Corpus Christi School,St Joseph,B,,80.0,
122,D550,Corpus Christi School,Vanderburgh,A,9.0,49.0,4.44444444444
291,C527,Covenant Christian High School,Marion,A,21.0,100.0,3.7619047619
248,B469,Covenant Christian High School,Jasper,A,,35.0,
315,D189,Covenant Christian School,St Joseph,A,,83.0,
235,B085,Covington Christian School,Fountain,C,,19.0,
272,C215,Cross Street Christian School,Madison,F,9.0,28.0,2.11111111111
340,B009,Crossing Educational Center,Elkhart,,9.0,276.0,29.6666666667
290,C514,Crosspointe Christian Academy,Marion,C,9.0,98.0,9.88888888889
341,A275,Crossroad Academy,Allen,,,13.0,
260,B771,Crown Point Christian School,Lake,B,9.0,122.0,12.5555555556
279,C271,Curtis Wilson Primary School,,A,,,
278,C257,Damar Academy,,F,,,
249,B470,DeMotte Christian School,Jasper,B,11.0,137.0,11.4545454545
273,C223,Delaware Christian Academy,Delaware,No Grade,9.0,44.0,3.88888888889
269,C112,Door Prairie Adventist School,LaPorte,D,9.0,9.0,0.0
232,A990,Elkhart Christian Academy,Elkhart,B,22.0,236.0,9.72727272727
238,B160,Eman Schools,Hamilton,A,,121.0,
179,A215,Emmanuel Saint Michael Lutheran School,Allen,A,9.0,162.0,17.0
180,A220,Emmaus Lutheran School,Allen,A,16.0,94.0,4.875
207,C680,Emmaus Lutheran School,Marion,No Grade,,14.0,
327,D485,Evansville Christian School,Vanderburgh,A,10.0,330.0,32.0
328,D525,Evansville Day School,Vanderburgh,A,,38.0,
342,D526,Evansville Day School PK-08,Vanderburgh,,,9.0,
212,D625,Evansville Lutheran School,Vanderburgh,B,16.0,111.0,5.9375
258,B748,Faith Academy,Lake,D,9.0,65.0,6.22222222222
326,D452,Faith Christian School,Tippecanoe,A,20.0,243.0,11.15
343,B037,Faith Christian School,Fayette,,9.0,9.0,0.0
239,B161,Fishers Christian Academy,Hamilton,B,9.0,42.0,3.66666666667
114,B565,Flaget Elementary School,Knox,B,,77.0,
224,A352,Gateway Woods School,,F,,,
228,A724,Good Shepherd Christian Academy,Decatur,D,,40.0,
123,D555,Good Shepherd School,Vanderburgh,A,,91.0,
323,D329,Grace Christian Academy,Scott,B,11.0,77.0,6.0
321,D310,Granger Christian School,St Joseph,A,,114.0,
309,C966,Greenwood Christian Academy,Johnson,B,20.0,230.0,10.5
96,B249,Guerin Catholic High School,Hamilton,A,,59.0,
344,B790,Hammond Baptist Elementary & High School,Lake,,9.0,9.0,0.0
288,C475,Hasten Hebrew Academy Of Indianapolis,Marion,A,9.0,37.0,3.11111111111
280,C275,Heritage Christian School,Marion,A,34.0,313.0,8.20588235294
230,A746,Heritage Hall Christian School,Delaware,A,9.0,115.0,11.7777777778
268,C020,Highland Christian School,Lake,B,9.0,164.0,17.2222222222
42,C590,Holy Angels Catholic School,Marion,D,22.0,70.0,2.18181818182
43,C595,Holy Cross Central School,Marion,F,50.0,195.0,2.9
181,A225,Holy Cross Lutheran School,Allen,B,9.0,202.0,21.4444444444
201,C267,Holy Cross Lutheran School,Marion,A,,36.0,
110,B115,Holy Cross School,Gibson,A,9.0,29.0,2.22222222222
164,D240,Holy Cross School,St Joseph,C,43.0,153.0,2.55813953488
330,D725,Holy Cross School,Vigo,F,,9.0,
345,C211,Holy Cross School,Madison,,,165.0,
346,A865,Holy Family School,Dubois,,,9.0,
165,D245,Holy Family School,St Joseph,C,35.0,157.0,3.48571428571
11,B050,Holy Family School,Floyd,B,,58.0,
40,C545,Holy Name School,Marion,B,12.0,133.0,10.0833333333
124,D560,Holy Redeemer School,Vanderburgh,B,11.0,102.0,8.27272727273
125,D565,Holy Rosary School,Vanderburgh,A,,123.0,
126,D570,Holy Spirit School,Vanderburgh,B,25.0,123.0,3.92
35,C390,Holy Spirit School,Marion,B,80.0,254.0,2.175
108,A871,Holy Trinity Catholic School,Dubois,A,9.0,82.0,8.11111111111
223,A309,Horizon Christian Academy,Allen,F,22.0,9.0,-0.590909090909
221,A302,Horizon Christian Academy II,Allen,F,9.0,9.0,0.0
222,A307,Horizon Christian Academy III,Allen,D,9.0,433.0,47.1111111111
282,C282,Horizon Christian School,Marion,B,17.0,157.0,8.23529411765
293,C563,Horizon Christian School-Shepherd Campus,Marion,F,9.0,100.0,10.1111111111
256,B725,Howe School,LaGrange,B,,14.0,
153,B418,Huntington Catholic School,Huntington,C,17.0,75.0,3.41176470588
44,C600,Immaculate Heart of Mary School,Marion,B,9.0,,
209,D090,Immanuel Lutheran School,,A,,,
193,B445,Immanuel Lutheran School,Jackson,A,9.0,104.0,10.5555555556
241,B190,Indiana Academy,Hamilton,F,9.0,90.0,9.0
271,C175,Indiana Christian Academy,Madison,D,9.0,189.0,20.0
287,C455,Indianapolis Junior Academy,Marion,C,45.0,59.0,0.311111111111
298,C677,International Sch of IN HS (9-12),,A,,,
246,B302,Islamic School of Plainfield,Hendricks,No Grade,9.0,16.0,0.777777777778
227,A480,James E Davis School,,No Grade,,,
251,B483,Jay County Christian Academy,Jay,C,18.0,41.0,1.27777777778
347,D722,John Paul II Catholic High School,Vigo,,,9.0,
334,D875,Kingdom Academy of Bluffton Inc,,B,,,
245,B295,Kingsway Christian School,Hendricks,A,,141.0,
324,D440,Lafayette Christian School,Tippecanoe,A,9.0,141.0,14.6666666667
254,B595,Lakeland Christian Academy,Kosciusko,F,,55.0,
237,B145,Lakeview Christian School,Grant,F,48.0,198.0,3.125
229,A740,Lakewood Park Christian School,Dekalb,A,26.0,262.0,9.07692307692
243,B248,Legacy Christian School,Hamilton,A,9.0,34.0,2.77777777778
348,B299,Legacy Learning Center,Marion,,,75.0,
276,C226,Liberty Christian Elementary,Madison,C,73.0,197.0,1.69863013699
275,C225,Liberty Christian School,Madison,B,23.0,126.0,4.47826086957
274,C224,Liberty Christian School (7-8),Madison,D,24.0,9.0,-0.625
305,C927,Lighthouse Christian Academy,Monroe,A,,152.0,
196,B465,Lutheran Central School,,A,,,
202,C270,Lutheran High School,Marion,B,15.0,121.0,7.06666666667
182,A235,Lutheran South Unity School,Allen,B,19.0,65.0,2.42105263158
297,C628,MTI School of Knowledge,Marion,D,70.0,229.0,2.27142857143
158,D165,Marian High School,St Joseph,A,41.0,341.0,7.31707317073
84,C125,Marquette Catholic High School,LaPorte,B,17.0,125.0,6.35294117647
119,D530,Mater Dei High School,Vanderburgh,A,,147.0,
322,D315,Michiana Christian School,St Joseph,D,9.0,36.0,3.0
311,D058,Midwest Academy MCYF,,No Grade,,,
257,B747,Midwest Elite Preparatory Academy,Lake,No Grade,9.0,50.0,4.55555555556
159,D177,Mishawaka Catholic School,St Joseph,B,18.0,163.0,8.05555555556
308,C965,Mooresville Christian Academy,Morgan,B,,139.0,
267,B951,Morning Star Academy,Lake,No Grade,9.0,12.0,0.333333333333
265,B904,Mosaic Middle School,Lake,No Grade,9.0,52.0,4.77777777778
136,A130,Most Precious Blood School,Allen,B,17.0,168.0,8.88235294118
27,C265,Nativity School,Marion,A,14.0,100.0,6.14285714286
86,D065,Nativity of Our Savior School,Porter,A,,64.0,
318,D249,New Vision Christian Academy,St Joseph,F,9.0,24.0,1.66666666667
314,D158,North Liberty Christian School,St Joseph,C,9.0,11.0,0.222222222222
225,A405,North Star Montessori School,Bartholomew,No Grade,9.0,16.0,0.777777777778
81,C105,Notre Dame Elementary School,LaPorte,A,11.0,71.0,5.45454545455
62,D135,Oldenburg Academy,Franklin,A,,63.0,
79,C025,Our Lady Of Grace School,Lake,B,14.0,90.0,5.42857142857
166,D250,Our Lady Of Hungary School,St Joseph,A,65.0,179.0,1.75384615385
45,C605,Our Lady Of Lourdes School,Marion,C,23.0,99.0,3.30434782609
92,B215,Our Lady Of Mt Carmel School,,A,,,
12,B060,Our Lady Of Perpetual School,Floyd,A,12.0,71.0,4.91666666667
4,A575,Our Lady Of Providence High School,Clark,A,,107.0,
24,B535,Our Lady Of The Greenwood School,Johnson,B,11.0,140.0,11.7272727273
349,A106,Our Lady School,Allen,,,102.0,
95,B246,Our Lady of Grace School,Hamilton,A,,56.0,
206,C512,Our Shepherd Lutheran School,Hendricks,C,,52.0,
240,B167,Paddock View Residential Center,Grant,No Grade,20.0,9.0,-0.55
253,B557,Pierceton Woods Academy,,No Grade,,,
302,C899,Pinnacle School,Monroe,F,11.0,,
21,B510,Pope John XXIII School,Jefferson,C,,153.0,
313,D080,Portage Christian School,Porter,D,9.0,267.0,28.6666666667
350,A870,Precious Blood School,Dubois,,,9.0,
301,C791,Project Libertas,Marion,C,9.0,60.0,5.66666666667
47,C623,Providence Cristo Rey High School,Marion,B,65.0,246.0,2.78461538462
82,C110,Queen Of All Saints School,LaPorte,A,38.0,99.0,1.60526315789
137,A135,Queen Of Angels School,Allen,C,19.0,128.0,5.73684210526
160,D198,Queen of Peace School,St Joseph,A,,96.0,
192,B367,Redeemer Lutheran School,Howard,B,,49.0,
120,D535,Reitz Memorial High School,Vanderburgh,A,13.0,193.0,13.8461538462
351,D317,Resurrection Lutheran Academy,St Joseph,,,18.0,
130,D610,Resurrection School,Vanderburgh,A,,87.0,
332,D860,Richmond Academy,Wayne,F,14.0,44.0,2.14285714286
113,B560,Rivet Middle & High School,Knox,B,,47.0,
33,C320,Roncalli High School,Marion,A,22.0,342.0,14.5454545455
3,A570,Sacred Heart School,Clark,A,18.0,99.0,4.5
88,A470,Sacred Heart School,Benton,A,9.0,45.0,4.0
154,B605,Sacred Heart School,Kosciusko,A,,46.0,
167,D255,Saint Adalbert School,St Joseph,B,46.0,198.0,3.30434782609
144,A270,Saint Aloysius Catholic School,Allen,A,,51.0,
19,B440,Saint Ambrose School,Jackson,A,,67.0,
100,C205,Saint Ambrose School,Madison,B,13.0,9.0,-0.307692307692
46,C615,Saint Anthony Catholic School,Marion,C,9.0,200.0,21.2222222222
168,D260,Saint Anthony De Padua School,St Joseph,A,32.0,134.0,3.1875
2,A560,Saint Anthony School,Clark,A,10.0,179.0,16.9
98,B475,Saint Augustine School,Jasper,A,,26.0,
29,C295,Saint Barnabas School,Marion,A,,128.0,
0,A425,Saint Bartholomew School,Bartholomew,A,9.0,122.0,12.5555555556
128,D590,Saint Benedict Cathedral School,Vanderburgh,A,,84.0,
173,D805,Saint Bernard Elementary School,Wabash,A,,47.0,
118,D370,Saint Bernard School,Spencer,A,21.0,80.0,2.80952380952
103,D420,Saint Boniface School,Tippecanoe,A,,62.0,
352,C040,Saint Bridget School,Lake,,,9.0,
75,B950,Saint Casimir School,Lake,C,35.0,330.0,8.42857142857
60,C900,Saint Charles Borromeo School,Monroe,A,9.0,40.0,3.44444444444
138,A145,Saint Charles Borromeo School,Allen,A,24.0,389.0,15.2083333333
59,C795,Saint Christopher School,Marion,A,,96.0,
353,B800,Saint Edward School,Lake,,,9.0,
66,D840,Saint Elizabeth Ann Seton School,Wayne,A,10.0,155.0,14.5
10,B035,Saint Gabriel Parochial School,Fayette,A,,78.0,
211,D435,Saint James Lutheran School,Tippecanoe,A,,54.0,
111,B120,Saint James School,Gibson,A,9.0,70.0,6.77777777778
49,C645,Saint Joan Of Arc School,Marion,A,40.0,177.0,3.425
76,B960,Saint John Bosco School,Lake,B,36.0,167.0,3.63888888889
205,C400,Saint John Evangelical Lutheran School,Marion,B,11.0,69.0,5.27272727273
354,A695,Saint John Evangelical Lutheran School,Dearborn,,,19.0,
71,B780,Saint John Evangelist School,Lake,A,9.0,34.0,2.77777777778
152,B020,Saint John Evangelist School,Elkhart,C,,92.0,
200,C150,Saint John Lutheran School,LaPorte,A,,57.0,
191,B275,Saint John Lutheran School,Harrison,C,9.0,25.0,1.77777777778
208,C985,Saint John Lutheran School,Noble,A,10.0,75.0,6.5
194,B450,Saint John Lutheran School,Jackson,F,9.0,,
147,A355,Saint John The Baptist Catholic School,Allen,A,,132.0,
131,D815,Saint John The Baptist School,Warrick,A,,89.0,
139,A150,Saint John The Baptist School,Allen,A,20.0,158.0,6.9
169,D265,Saint John The Baptist School,St Joseph,D,27.0,68.0,1.51851851852
355,D465,Saint John The Baptist School,Tippecanoe,,,9.0,
77,B965,Saint John The Baptist School,Lake,C,12.0,96.0,7.0
186,A365,Saint John-Emmanuel Lutheran School,Allen,C,9.0,53.0,4.88888888889
145,A340,Saint Joseph Catholic School,Allen,B,12.0,47.0,2.91666666667
146,A350,Saint Joseph Hessen Cassel Catholic School,Allen,B,,56.0,
129,D605,Saint Joseph School,Vanderburgh,B,,38.0,
132,A035,Saint Joseph School,Adams,A,,171.0,
149,A735,Saint Joseph School,Dekalb,A,,37.0,
109,B105,Saint Joseph School,Gibson,B,,64.0,
64,D335,Saint Joseph School,Shelby,C,,42.0,
356,C145,Saint Joseph School,LaPorte,,,9.0,
170,D270,Saint Joseph School,St Joseph,A,,91.0,
16,B280,Saint Joseph School,Harrison,B,9.0,40.0,3.44444444444
161,D225,Saint Joseph's High School,St Joseph,A,13.0,288.0,21.1538461538
140,A155,Saint Joseph-Saint Elizabeth Campus I,Allen,B,,139.0,
133,A104,Saint Joseph-Saint Elizabeth Campus II,Allen,B,,197.0,
171,D275,Saint Jude Catholic School,St Joseph,C,17.0,117.0,5.88235294118
30,C300,Saint Jude Elementary School,Marion,A,,137.0,
141,A160,Saint Jude Elementary School,Allen,A,28.0,303.0,9.82142857143
104,D425,Saint Lawrence Elementary School,Tippecanoe,A,,100.0,
8,A700,Saint Lawrence School,Dearborn,C,9.0,37.0,3.11111111111
89,A790,Saint Lawrence School,Delaware,A,,25.0,
28,C280,Saint Lawrence School,Marion,C,43.0,158.0,2.67441860465
148,A360,Saint Louis Besancon Catholic School,Allen,D,,63.0,
61,D130,Saint Louis School,Ripley,A,9.0,87.0,8.66666666667
94,B227,Saint Louis de Montfort School,,A,,,
36,C435,Saint Luke School,Marion,A,,100.0,
17,B285,Saint Malachy School,Hendricks,A,,124.0,
93,B216,Saint Maria Goretti School,,A,,,
31,C305,Saint Mark School,Marion,B,27.0,145.0,4.37037037037
105,D430,Saint Mary Cathedral School,Tippecanoe,A,10.0,75.0,6.5
72,B835,Saint Mary Catholic Community School,Lake,B,20.0,108.0,4.4
63,D140,Saint Mary Elementary School,Rush,B,,54.0,
156,C980,Saint Mary Elementary School,Noble,B,,57.0,
9,A730,Saint Mary School,Decatur,A,9.0,23.0,1.55555555556
99,C190,Saint Mary School,Madison,C,,45.0,
101,C210,Saint Mary School,Madison,B,16.0,9.0,-0.4375
22,B515,Saint Mary School,Jennings,A,,65.0,
7,A690,Saint Mary School,Dearborn,B,,53.0,
74,B930,Saint Mary School,Lake,B,23.0,132.0,4.73913043478
90,A795,Saint Mary School,Delaware,B,11.0,55.0,4.0
13,B067,Saint Mary of-the-Knobs Catholic School,Floyd,A,9.0,24.0,1.66666666667
357,B065,Saint Mary's Catholic School,Floyd,,,9.0,
172,D285,Saint Matthew Cathedral School,St Joseph,C,32.0,258.0,7.0625
37,C440,Saint Matthew School,Marion,A,,131.0,
115,D095,Saint Matthew School,Posey,A,9.0,18.0,1.0
70,B775,Saint Michael School,Lake,B,,25.0,
155,C855,Saint Michael School,Marshall,A,,74.0,
15,B265,Saint Michael School,Hancock,A,,52.0,
14,B095,Saint Michael School,Franklin,A,,31.0,
50,C650,Saint Michael The Archangel School,Marion,B,61.0,279.0,3.5737704918
38,C445,Saint Monica School,Marion,B,37.0,200.0,4.40540540541
5,A680,Saint Nicholas School,Ripley,A,,,
65,D720,Saint Patrick School,Vigo,A,18.0,140.0,6.77777777778
85,D050,Saint Patrick School,Porter,A,,12.0,
6,A685,Saint Paul Catholic School,Dearborn,C,9.0,43.0,3.77777777778
87,D085,Saint Paul Catholic School,Porter,A,9.0,16.0,0.777777777778
183,A245,Saint Paul Lutheran School,Allen,A,12.0,125.0,9.41666666667
270,C130,Saint Paul Lutheran School,LaPorte,C,9.0,90.0,9.0
91,B155,Saint Paul Parish School,Grant,B,,57.0,
1,A550,Saint Paul School,Clark,B,9.0,49.0,4.44444444444
199,C065,Saint Paul's Lutheran School,Lake,A,9.0,37.0,3.11111111111
174,A040,Saint Peter Immanuel Lutheran School,Adams,C,9.0,18.0,1.0
190,A435,Saint Peter Lutheran School,Bartholomew,B,,122.0,
210,D375,Saint Peter Lutheran School,Starke,B,,57.0,
185,A250,Saint Peter's Lutheran School,Allen,A,9.0,124.0,12.7777777778
51,C655,Saint Philip Neri School,Marion,D,46.0,210.0,3.5652173913
116,D100,Saint Philip School,Posey,A,,31.0,
157,D164,Saint Pius X Catholic School,St Joseph,A,,94.0,
39,C450,Saint Pius X School,Marion,A,,50.0,
32,C310,Saint Roch School,Marion,A,16.0,103.0,5.4375
23,B518,Saint Rose of Lima School,Johnson,B,,94.0,
52,C665,Saint Simon The Apostle School,Marion,A,,48.0,
83,C120,Saint Stanislaus Kostka School,LaPorte,B,32.0,84.0,1.625
73,B865,Saint Stanislaus School,Lake,C,72.0,166.0,1.30555555556
18,B300,Saint Susanna School,Hendricks,A,,50.0,
358,D615,Saint Theresa School,Vanderburgh,,16.0,9.0,-0.4375
53,C670,Saint Therese Little Flower School,Marion,C,53.0,224.0,3.22641509434
142,A175,Saint Therese School,Allen,C,32.0,158.0,3.9375
54,C675,Saint Thomas Aquinas School,Marion,B,,48.0,
80,C060,Saint Thomas More School,Lake,A,,72.0,
150,A975,Saint Thomas The Apostle School,Elkhart,B,13.0,86.0,5.61538461538
26,C160,Saint Vincent DePaul School,Lawrence,A,,76.0,
143,A180,Saint Vincent DePaul School,Allen,A,,256.0,
151,A980,Saint Vincent DePaul School,Elkhart,B,23.0,147.0,5.39130434783
117,D105,Saint Wendel School,Posey,A,,37.0,
25,B540,Saints Francis and Clare Catholic School,Johnson,A,,106.0,
97,B395,Saints Joan of Arc & Patrick School,Howard,B,,150.0,
112,B125,Saints Peter & Paul School,Gibson,A,9.0,,
57,C710,Scecina Memorial School,Marion,B,40.0,311.0,6.775
67,D842,Seton Catholic High School,Wayne,B,,80.0,
247,B455,Seymour Christian Academy,Jackson,D,9.0,86.0,8.55555555556
20,B505,Shawe Memorial High School,Jefferson,B,,71.0,
310,D056,Shults-Lewis Child & Family Srvs,,No Grade,,,
329,D676,Small World Learning Center,,No Grade,,,
316,D195,South Bend Hebrew Day School,St Joseph,A,9.0,82.0,8.11111111111
319,D300,South Bend Junior Academy School,St Joseph,No Grade,,20.0,
284,C349,Southport Presbyterian Christian School,Marion,B,,26.0,
266,B928,Spirit of God Accelerated School,Lake,F,9.0,41.0,3.55555555556
177,A200,Suburban Bethlehem Lutheran School,Allen,B,9.0,84.0,8.33333333333
283,C325,Suburban Christian School,Marion,D,9.0,145.0,15.1111111111
325,D451,T. C. Harris School,,F,,,
300,C699,TP Schools,Marion,A,9.0,76.0,7.44444444444
335,D907,TROY Center,Whitley,F,9.0,30.0,2.33333333333
307,C940,Tabernacle Christian Schools,Morgan,C,9.0,212.0,22.5555555556
331,D748,Terre Haute Seventh Day Adventist School,Vigo,No Grade,,14.0,
296,C589,The Independence Academy,Marion,F,9.0,14.0,0.555555555556
236,B136,The King's Academy,Grant,B,,149.0,
214,C773,The Oaks Academy,Marion,A,9.0,175.0,18.4444444444
213,B297,The Oaks Academy - Brookside,Marion,A,9.0,115.0,11.7777777778
215,C774,The Oaks Academy - Middle School,Marion,A,9.0,83.0,8.22222222222
304,C918,The Prep School,Monroe,No Grade,9.0,9.0,0.0
359,D458,Tippecanoe Christian School,Tippecanoe,,,9.0,
360,B293,Todd Academy,Marion,,9.0,9.0,0.0
285,C375,Traders Point Christian Academy,Boone,C,15.0,225.0,14.0
292,C561,Trinity Christian School,Marion,C,57.0,177.0,2.10526315789
264,B901,Trinity Educational Daycare & Academy,Lake,No Grade,9.0,9.0,0.0
195,B452,Trinity Lutheran High School,Jackson,A,9.0,51.0,4.66666666667
198,C050,Trinity Lutheran School,Lake,B,10.0,27.0,1.7
197,B850,Trinity Lutheran School,Lake,B,,88.0,
204,C395,Trinity Lutheran School,Marion,B,24.0,51.0,1.125
317,D217,Trinity School At Greenlawn,St Joseph,F,9.0,67.0,6.44444444444
242,B241,University High School of Indiana,Hamilton,A,,9.0,
312,D073,Victory Christian Academy,Porter,B,25.0,160.0,5.4
255,B600,Warsaw Christian School,Kosciusko,A,9.0,119.0,12.2222222222
107,A665,Washington Catholic Elementary School,Daviess,C,22.0,125.0,4.68181818182
106,A660,Washington Catholic Middle/High School,Daviess,B,16.0,109.0,5.8125
127,D580,Westside Catholic School,Vanderburgh,B,,107.0,
189,A430,White Creek Lutheran School,Bartholomew,A,,17.0,
250,B473,White's Academy,,F,,,
262,B807,Willowglen Academy,,No Grade,,,
188,A375,Woodburn Lutheran School,Allen,A,,82.0,
175,A045,Wyneken Memorial Lutheran School,,A,,,
